iteration,function operation,time elapsed
0,Resize dataset,7.653236389160156e-05
0,Append arrays,0.137312650680542
0,Update progress bar,0.0010340213775634766
1,Resize dataset,8.296966552734375e-05
1,Append arrays,0.09708929061889648
1,Update progress bar,0.0008141994476318359
2,Resize dataset,8.845329284667969e-05
2,Append arrays,1.7648193836212158
2,Update progress bar,0.0012540817260742188
3,Resize dataset,9.274482727050781e-05
3,Append arrays,0.09717226028442383
3,Update progress bar,0.0007855892181396484
4,Resize dataset,7.653236389160156e-05
4,Append arrays,0.09380054473876953
4,Update progress bar,0.0006971359252929688
5,Resize dataset,8.7738037109375e-05
5,Append arrays,0.11238694190979004
5,Update progress bar,0.0009708404541015625
6,Resize dataset,0.00013709068298339844
6,Append arrays,0.10101318359375
6,Update progress bar,0.0006897449493408203
7,Resize dataset,8.20159912109375e-05
7,Append arrays,0.11835598945617676
7,Update progress bar,0.0008273124694824219
8,Resize dataset,7.82012939453125e-05
8,Append arrays,0.09757494926452637
8,Update progress bar,0.0006983280181884766
9,Resize dataset,8.058547973632812e-05
9,Append arrays,0.10664033889770508
9,Update progress bar,0.0006806850433349609
10,Resize dataset,7.557868957519531e-05
10,Append arrays,0.10608768463134766
10,Update progress bar,0.0006959438323974609
11,Resize dataset,9.179115295410156e-05
11,Append arrays,0.15186381340026855
11,Update progress bar,0.0006954669952392578
12,Resize dataset,0.00011515617370605469
12,Append arrays,0.102569580078125
12,Update progress bar,0.0007021427154541016
13,Resize dataset,7.748603820800781e-05
13,Append arrays,0.15280747413635254
13,Update progress bar,0.0008802413940429688
14,Resize dataset,7.271766662597656e-05
14,Append arrays,0.11079120635986328
14,Update progress bar,0.0005948543548583984
15,Resize dataset,8.58306884765625e-05
15,Append arrays,0.11895751953125
15,Update progress bar,0.0007526874542236328
16,Resize dataset,7.772445678710938e-05
16,Append arrays,0.1265854835510254
16,Update progress bar,0.000904083251953125
17,Resize dataset,8.368492126464844e-05
17,Append arrays,0.1719498634338379
17,Update progress bar,0.0008876323699951172
18,Resize dataset,7.867813110351562e-05
18,Append arrays,0.10486292839050293
18,Update progress bar,0.0006880760192871094
19,Resize dataset,8.177757263183594e-05
19,Append arrays,0.13730335235595703
19,Update progress bar,0.0008392333984375
20,Resize dataset,0.00010132789611816406
20,Append arrays,0.11502408981323242
20,Update progress bar,0.000997781753540039
21,Resize dataset,0.00010085105895996094
21,Append arrays,0.10942959785461426
21,Update progress bar,0.0008358955383300781
22,Resize dataset,8.273124694824219e-05
22,Append arrays,0.10899901390075684
22,Update progress bar,0.0007262229919433594
23,Resize dataset,7.677078247070312e-05
23,Append arrays,0.12334966659545898
23,Update progress bar,0.0008509159088134766
24,Resize dataset,7.486343383789062e-05
24,Append arrays,0.11978960037231445
24,Update progress bar,0.0006856918334960938
25,Resize dataset,0.0001220703125
25,Append arrays,0.10595870018005371
25,Update progress bar,0.0009124279022216797
26,Resize dataset,7.343292236328125e-05
26,Append arrays,0.10775136947631836
26,Update progress bar,0.0009114742279052734
27,Resize dataset,0.00010991096496582031
27,Append arrays,0.11775016784667969
27,Update progress bar,0.0006606578826904297
28,Resize dataset,8.082389831542969e-05
28,Append arrays,0.1126413345336914
28,Update progress bar,0.0007319450378417969
29,Resize dataset,7.843971252441406e-05
29,Append arrays,0.12672209739685059
29,Update progress bar,0.0007922649383544922
30,Resize dataset,7.843971252441406e-05
30,Append arrays,0.147674560546875
30,Update progress bar,0.0007865428924560547
31,Resize dataset,8.296966552734375e-05
31,Append arrays,0.1340622901916504
31,Update progress bar,0.0009911060333251953
32,Resize dataset,7.62939453125e-05
32,Append arrays,0.10539126396179199
32,Update progress bar,0.0006618499755859375
33,Resize dataset,8.058547973632812e-05
33,Append arrays,0.12833476066589355
33,Update progress bar,0.0010612010955810547
34,Resize dataset,7.271766662597656e-05
34,Append arrays,0.11600518226623535
34,Update progress bar,0.0006959438323974609
35,Resize dataset,9.179115295410156e-05
35,Append arrays,0.14203691482543945
35,Update progress bar,0.000997304916381836
36,Resize dataset,9.72747802734375e-05
36,Append arrays,0.1691274642944336
36,Update progress bar,0.0009882450103759766
37,Resize dataset,7.62939453125e-05
37,Append arrays,0.14535260200500488
37,Update progress bar,0.0008692741394042969
38,Resize dataset,7.843971252441406e-05
38,Append arrays,0.10677266120910645
38,Update progress bar,0.0008676052093505859
39,Resize dataset,8.821487426757812e-05
39,Append arrays,0.12237715721130371
39,Update progress bar,0.0007262229919433594
40,Resize dataset,7.224082946777344e-05
40,Append arrays,0.12588906288146973
40,Update progress bar,0.000972747802734375
41,Resize dataset,8.0108642578125e-05
41,Append arrays,0.3496561050415039
41,Update progress bar,0.0007309913635253906
42,Resize dataset,7.200241088867188e-05
42,Append arrays,0.10982847213745117
42,Update progress bar,0.0006399154663085938
43,Resize dataset,7.224082946777344e-05
43,Append arrays,0.11397385597229004
43,Update progress bar,0.0006575584411621094
44,Resize dataset,7.104873657226562e-05
44,Append arrays,0.10285019874572754
44,Update progress bar,0.0006887912750244141
45,Resize dataset,7.677078247070312e-05
45,Append arrays,0.11709856986999512
45,Update progress bar,0.0010569095611572266
46,Resize dataset,7.915496826171875e-05
46,Append arrays,0.1228799819946289
46,Update progress bar,0.001298666000366211
47,Resize dataset,7.724761962890625e-05
47,Append arrays,0.12618255615234375
47,Update progress bar,0.0007083415985107422
48,Resize dataset,8.273124694824219e-05
48,Append arrays,0.10580182075500488
48,Update progress bar,0.0006978511810302734
49,Resize dataset,7.128715515136719e-05
49,Append arrays,0.10488390922546387
49,Update progress bar,0.000690460205078125
50,Resize dataset,7.677078247070312e-05
50,Append arrays,0.11417508125305176
50,Update progress bar,0.0007290840148925781
51,Resize dataset,0.00011873245239257812
51,Append arrays,0.12696146965026855
51,Update progress bar,0.0006723403930664062
52,Resize dataset,7.653236389160156e-05
52,Append arrays,0.12243199348449707
52,Update progress bar,0.0007569789886474609
53,Resize dataset,7.724761962890625e-05
53,Append arrays,0.1103525161743164
53,Update progress bar,0.0007345676422119141
54,Resize dataset,7.486343383789062e-05
54,Append arrays,0.12304067611694336
54,Update progress bar,0.00098419189453125
55,Resize dataset,7.486343383789062e-05
55,Append arrays,0.10576057434082031
55,Update progress bar,0.0009648799896240234
56,Resize dataset,8.440017700195312e-05
56,Append arrays,0.10429573059082031
56,Update progress bar,0.0007064342498779297
57,Resize dataset,8.440017700195312e-05
57,Append arrays,0.11014962196350098
57,Update progress bar,0.0006880760192871094
58,Resize dataset,7.462501525878906e-05
58,Append arrays,0.12063741683959961
58,Update progress bar,0.0007810592651367188
59,Resize dataset,7.534027099609375e-05
59,Append arrays,0.10286569595336914
59,Update progress bar,0.0006589889526367188
60,Resize dataset,8.320808410644531e-05
60,Append arrays,0.10735154151916504
60,Update progress bar,0.0007040500640869141
61,Resize dataset,0.0001392364501953125
61,Append arrays,0.10729289054870605
61,Update progress bar,0.0006601810455322266
62,Resize dataset,7.534027099609375e-05
62,Append arrays,0.10304427146911621
62,Update progress bar,0.000644683837890625
63,Resize dataset,7.367134094238281e-05
63,Append arrays,0.09503602981567383
63,Update progress bar,0.000675201416015625
64,Resize dataset,6.961822509765625e-05
64,Append arrays,0.12053346633911133
64,Update progress bar,0.0006258487701416016
65,Resize dataset,8.702278137207031e-05
65,Append arrays,0.1888718605041504
65,Update progress bar,0.0009059906005859375
66,Resize dataset,7.510185241699219e-05
66,Append arrays,0.13982248306274414
66,Update progress bar,0.001657724380493164
67,Resize dataset,8.058547973632812e-05
67,Append arrays,0.16824913024902344
67,Update progress bar,0.0011737346649169922
68,Resize dataset,7.510185241699219e-05
68,Append arrays,0.10621142387390137
68,Update progress bar,0.0006754398345947266
69,Resize dataset,7.128715515136719e-05
69,Append arrays,0.11377882957458496
69,Update progress bar,0.0006449222564697266
70,Resize dataset,8.463859558105469e-05
70,Append arrays,0.11362838745117188
70,Update progress bar,0.0009055137634277344
71,Resize dataset,7.987022399902344e-05
71,Append arrays,0.5739140510559082
71,Update progress bar,0.001512765884399414
72,Resize dataset,7.748603820800781e-05
72,Append arrays,0.16298794746398926
72,Update progress bar,0.0008704662322998047
73,Resize dataset,7.963180541992188e-05
73,Append arrays,0.12231135368347168
73,Update progress bar,0.0006875991821289062
74,Resize dataset,7.390975952148438e-05
74,Append arrays,0.11073946952819824
74,Update progress bar,0.0007162094116210938
75,Resize dataset,7.271766662597656e-05
75,Append arrays,0.1510765552520752
75,Update progress bar,0.0009331703186035156
76,Resize dataset,9.036064147949219e-05
76,Append arrays,0.17799615859985352
76,Update progress bar,0.0009348392486572266
77,Resize dataset,7.605552673339844e-05
77,Append arrays,0.13947510719299316
77,Update progress bar,0.0008711814880371094
78,Resize dataset,7.796287536621094e-05
78,Append arrays,0.1683790683746338
78,Update progress bar,0.0011444091796875
79,Resize dataset,7.033348083496094e-05
79,Append arrays,0.10264134407043457
79,Update progress bar,0.0007333755493164062
80,Resize dataset,7.486343383789062e-05
80,Append arrays,2.996345281600952
80,Update progress bar,0.0010406970977783203
81,Resize dataset,7.62939453125e-05
81,Append arrays,0.11197352409362793
81,Update progress bar,0.0010237693786621094
82,Resize dataset,8.463859558105469e-05
82,Append arrays,0.11361932754516602
82,Update progress bar,0.0007369518280029297
83,Resize dataset,7.05718994140625e-05
83,Append arrays,0.10532903671264648
83,Update progress bar,0.0006661415100097656
84,Resize dataset,7.200241088867188e-05
84,Append arrays,0.1129004955291748
84,Update progress bar,0.0006892681121826172
85,Resize dataset,8.249282836914062e-05
85,Append arrays,0.15727663040161133
85,Update progress bar,0.0008962154388427734
86,Resize dataset,7.915496826171875e-05
86,Append arrays,0.15877604484558105
86,Update progress bar,0.0009741783142089844
87,Resize dataset,7.367134094238281e-05
87,Append arrays,0.12940359115600586
87,Update progress bar,0.0012853145599365234
88,Resize dataset,8.225440979003906e-05
88,Append arrays,0.12128949165344238
88,Update progress bar,0.0006654262542724609
89,Resize dataset,7.581710815429688e-05
89,Append arrays,0.13108253479003906
89,Update progress bar,0.0019359588623046875
90,Resize dataset,7.557868957519531e-05
90,Append arrays,0.13915514945983887
90,Update progress bar,0.0006489753723144531
91,Resize dataset,8.225440979003906e-05
91,Append arrays,0.14554262161254883
91,Update progress bar,0.0008764266967773438
92,Resize dataset,8.058547973632812e-05
92,Append arrays,0.15634393692016602
92,Update progress bar,0.0009238719940185547
93,Resize dataset,8.20159912109375e-05
93,Append arrays,0.13431143760681152
93,Update progress bar,0.0007276535034179688
94,Resize dataset,7.653236389160156e-05
94,Append arrays,0.09466743469238281
94,Update progress bar,0.0007002353668212891
95,Resize dataset,7.128715515136719e-05
95,Append arrays,0.09679102897644043
95,Update progress bar,0.0006561279296875
96,Resize dataset,7.796287536621094e-05
96,Append arrays,0.12220644950866699
96,Update progress bar,0.0006749629974365234
97,Resize dataset,7.700920104980469e-05
97,Append arrays,0.1564924716949463
97,Update progress bar,0.0012772083282470703
98,Resize dataset,7.510185241699219e-05
98,Append arrays,0.11481356620788574
98,Update progress bar,0.0009412765502929688
99,Resize dataset,7.62939453125e-05
99,Append arrays,0.10744428634643555
99,Update progress bar,0.0007367134094238281
100,Resize dataset,7.796287536621094e-05
100,Append arrays,0.1517314910888672
100,Update progress bar,0.000957489013671875
101,Resize dataset,7.176399230957031e-05
101,Append arrays,0.10281705856323242
101,Update progress bar,0.0006413459777832031
102,Resize dataset,0.0001232624053955078
102,Append arrays,0.09718489646911621
102,Update progress bar,0.0009305477142333984
103,Resize dataset,7.987022399902344e-05
103,Append arrays,0.10285615921020508
103,Update progress bar,0.0006415843963623047
104,Resize dataset,7.2479248046875e-05
104,Append arrays,0.10707235336303711
104,Update progress bar,0.0008375644683837891
105,Resize dataset,7.43865966796875e-05
105,Append arrays,0.11676168441772461
105,Update progress bar,0.0006542205810546875
106,Resize dataset,7.581710815429688e-05
106,Append arrays,0.09842705726623535
106,Update progress bar,0.0006680488586425781
107,Resize dataset,7.224082946777344e-05
107,Append arrays,0.10220837593078613
107,Update progress bar,0.0007712841033935547
108,Resize dataset,9.5367431640625e-05
108,Append arrays,0.11112737655639648
108,Update progress bar,0.00067901611328125
109,Resize dataset,7.319450378417969e-05
109,Append arrays,0.09597349166870117
109,Update progress bar,0.0008521080017089844
110,Resize dataset,7.462501525878906e-05
110,Append arrays,0.11063838005065918
110,Update progress bar,0.0006918907165527344
111,Resize dataset,7.486343383789062e-05
111,Append arrays,0.1402723789215088
111,Update progress bar,0.0013971328735351562
112,Resize dataset,7.772445678710938e-05
112,Append arrays,0.15931034088134766
112,Update progress bar,0.0008676052093505859
113,Resize dataset,7.62939453125e-05
113,Append arrays,0.13077640533447266
113,Update progress bar,0.0008180141448974609
114,Resize dataset,8.678436279296875e-05
114,Append arrays,0.09500551223754883
114,Update progress bar,0.0006625652313232422
115,Resize dataset,7.2479248046875e-05
115,Append arrays,0.1063225269317627
115,Update progress bar,0.0006184577941894531
116,Resize dataset,0.00038123130798339844
116,Append arrays,0.14925050735473633
116,Update progress bar,0.0008587837219238281
117,Resize dataset,8.845329284667969e-05
117,Append arrays,0.10516023635864258
117,Update progress bar,0.0010657310485839844
118,Resize dataset,7.510185241699219e-05
118,Append arrays,0.09973001480102539
118,Update progress bar,0.0006666183471679688
119,Resize dataset,8.869171142578125e-05
119,Append arrays,0.0974721908569336
119,Update progress bar,0.0006530284881591797
120,Resize dataset,7.343292236328125e-05
120,Append arrays,0.11618256568908691
120,Update progress bar,0.0007171630859375
121,Resize dataset,7.390975952148438e-05
121,Append arrays,0.1600797176361084
121,Update progress bar,0.0007960796356201172
122,Resize dataset,7.867813110351562e-05
122,Append arrays,0.14556646347045898
122,Update progress bar,0.0006597042083740234
123,Resize dataset,7.581710815429688e-05
123,Append arrays,0.16344261169433594
123,Update progress bar,0.0009212493896484375
124,Resize dataset,8.440017700195312e-05
124,Append arrays,0.1561267375946045
124,Update progress bar,0.0016217231750488281
125,Resize dataset,8.630752563476562e-05
125,Append arrays,0.10757970809936523
125,Update progress bar,0.0007352828979492188
126,Resize dataset,8.749961853027344e-05
126,Append arrays,0.14117002487182617
126,Update progress bar,0.0008921623229980469
127,Resize dataset,8.368492126464844e-05
127,Append arrays,0.15091514587402344
127,Update progress bar,0.0012464523315429688
128,Resize dataset,7.748603820800781e-05
128,Append arrays,0.16252827644348145
128,Update progress bar,0.0008738040924072266
129,Resize dataset,7.510185241699219e-05
129,Append arrays,0.1365981101989746
129,Update progress bar,0.0007112026214599609
130,Resize dataset,7.939338684082031e-05
130,Append arrays,0.125838041305542
130,Update progress bar,0.0006546974182128906
131,Resize dataset,7.224082946777344e-05
131,Append arrays,0.10258960723876953
131,Update progress bar,0.0006387233734130859
132,Resize dataset,7.939338684082031e-05
132,Append arrays,0.11133837699890137
132,Update progress bar,0.0006334781646728516
133,Resize dataset,7.724761962890625e-05
133,Append arrays,0.10468292236328125
133,Update progress bar,0.0006566047668457031
134,Resize dataset,7.581710815429688e-05
134,Append arrays,0.09993219375610352
134,Update progress bar,0.0006706714630126953
135,Resize dataset,6.914138793945312e-05
135,Append arrays,0.0982658863067627
135,Update progress bar,0.0008182525634765625
136,Resize dataset,9.202957153320312e-05
136,Append arrays,0.1627953052520752
136,Update progress bar,0.0010721683502197266
137,Resize dataset,7.414817810058594e-05
137,Append arrays,0.151810884475708
137,Update progress bar,0.0008511543273925781
138,Resize dataset,8.797645568847656e-05
138,Append arrays,0.12014889717102051
138,Update progress bar,0.0010914802551269531
139,Resize dataset,7.152557373046875e-05
139,Append arrays,0.11392712593078613
139,Update progress bar,0.0007433891296386719
140,Resize dataset,7.987022399902344e-05
140,Append arrays,0.16590332984924316
140,Update progress bar,0.0008203983306884766
141,Resize dataset,7.128715515136719e-05
141,Append arrays,0.10945987701416016
141,Update progress bar,0.0006551742553710938
142,Resize dataset,7.414817810058594e-05
142,Append arrays,0.1078789234161377
142,Update progress bar,0.0006561279296875
143,Resize dataset,7.534027099609375e-05
143,Append arrays,0.12308835983276367
143,Update progress bar,0.0007507801055908203
144,Resize dataset,7.2479248046875e-05
144,Append arrays,0.1091771125793457
144,Update progress bar,0.0006916522979736328
145,Resize dataset,7.796287536621094e-05
145,Append arrays,0.1274275779724121
145,Update progress bar,0.0007023811340332031
146,Resize dataset,7.081031799316406e-05
146,Append arrays,0.09997868537902832
146,Update progress bar,0.0006947517395019531
147,Resize dataset,7.271766662597656e-05
147,Append arrays,0.1277782917022705
147,Update progress bar,0.0007355213165283203
148,Resize dataset,7.748603820800781e-05
148,Append arrays,0.09908819198608398
148,Update progress bar,0.0007460117340087891
149,Resize dataset,7.128715515136719e-05
149,Append arrays,0.0972440242767334
149,Update progress bar,0.0007696151733398438
150,Resize dataset,8.034706115722656e-05
150,Append arrays,0.14778971672058105
150,Update progress bar,0.0007798671722412109
151,Resize dataset,0.00010800361633300781
151,Append arrays,0.14567852020263672
151,Update progress bar,0.0006754398345947266
152,Resize dataset,7.987022399902344e-05
152,Append arrays,0.13360881805419922
152,Update progress bar,0.0009832382202148438
153,Resize dataset,7.319450378417969e-05
153,Append arrays,0.13617467880249023
153,Update progress bar,0.0008716583251953125
154,Resize dataset,8.630752563476562e-05
154,Append arrays,0.13651752471923828
154,Update progress bar,0.0007770061492919922
155,Resize dataset,9.250640869140625e-05
155,Append arrays,0.15490460395812988
155,Update progress bar,0.0009999275207519531
156,Resize dataset,7.462501525878906e-05
156,Append arrays,0.13012480735778809
156,Update progress bar,0.0007898807525634766
157,Resize dataset,7.534027099609375e-05
157,Append arrays,0.1666865348815918
157,Update progress bar,0.0011196136474609375
158,Resize dataset,8.511543273925781e-05
158,Append arrays,0.11344432830810547
158,Update progress bar,0.0006821155548095703
159,Resize dataset,7.224082946777344e-05
159,Append arrays,0.09694337844848633
159,Update progress bar,0.0006260871887207031
160,Resize dataset,7.2479248046875e-05
160,Append arrays,0.1072840690612793
160,Update progress bar,0.00066375732421875
161,Resize dataset,7.605552673339844e-05
161,Append arrays,0.14400172233581543
161,Update progress bar,0.001004934310913086
162,Resize dataset,7.724761962890625e-05
162,Append arrays,0.13283467292785645
162,Update progress bar,0.0006935596466064453
163,Resize dataset,7.390975952148438e-05
163,Append arrays,0.1254720687866211
163,Update progress bar,0.0008785724639892578
164,Resize dataset,7.486343383789062e-05
164,Append arrays,0.16357684135437012
164,Update progress bar,0.0008919239044189453
165,Resize dataset,7.939338684082031e-05
165,Append arrays,0.12089109420776367
165,Update progress bar,0.0007555484771728516
166,Resize dataset,9.107589721679688e-05
166,Append arrays,0.11868810653686523
166,Update progress bar,0.0008716583251953125
167,Resize dataset,7.724761962890625e-05
167,Append arrays,0.131866455078125
167,Update progress bar,0.0007486343383789062
168,Resize dataset,7.295608520507812e-05
168,Append arrays,0.14132928848266602
168,Update progress bar,0.0006999969482421875
169,Resize dataset,8.058547973632812e-05
169,Append arrays,0.11453843116760254
169,Update progress bar,0.0007698535919189453
170,Resize dataset,7.62939453125e-05
170,Append arrays,0.10459375381469727
170,Update progress bar,0.0006570816040039062
171,Resize dataset,8.797645568847656e-05
171,Append arrays,2.0224056243896484
171,Update progress bar,0.0011839866638183594
172,Resize dataset,7.05718994140625e-05
172,Append arrays,0.09692955017089844
172,Update progress bar,0.0006260871887207031
173,Resize dataset,9.393692016601562e-05
173,Append arrays,0.1129457950592041
173,Update progress bar,0.0007979869842529297
174,Resize dataset,7.915496826171875e-05
174,Append arrays,0.13362789154052734
174,Update progress bar,0.0008931159973144531
175,Resize dataset,7.43865966796875e-05
175,Append arrays,0.11407327651977539
175,Update progress bar,0.0006773471832275391
176,Resize dataset,7.390975952148438e-05
176,Append arrays,0.09811711311340332
176,Update progress bar,0.0006816387176513672
177,Resize dataset,8.392333984375e-05
177,Append arrays,0.14916062355041504
177,Update progress bar,0.0010867118835449219
178,Resize dataset,7.891654968261719e-05
178,Append arrays,0.12745356559753418
178,Update progress bar,0.0007138252258300781
179,Resize dataset,7.772445678710938e-05
179,Append arrays,0.10517430305480957
179,Update progress bar,0.0006558895111083984
180,Resize dataset,9.584426879882812e-05
180,Append arrays,0.12269067764282227
180,Update progress bar,0.0008947849273681641
181,Resize dataset,9.465217590332031e-05
181,Append arrays,0.12485241889953613
181,Update progress bar,0.0006563663482666016
182,Resize dataset,7.963180541992188e-05
182,Append arrays,0.13400793075561523
182,Update progress bar,0.0009999275207519531
183,Resize dataset,7.2479248046875e-05
183,Append arrays,0.1293623447418213
183,Update progress bar,0.0008492469787597656
184,Resize dataset,7.534027099609375e-05
184,Append arrays,0.13953304290771484
184,Update progress bar,0.0006136894226074219
185,Resize dataset,7.581710815429688e-05
185,Append arrays,0.11664247512817383
185,Update progress bar,0.0010824203491210938
186,Resize dataset,7.176399230957031e-05
186,Append arrays,0.09863877296447754
186,Update progress bar,0.0006110668182373047
187,Resize dataset,7.414817810058594e-05
187,Append arrays,0.11792683601379395
187,Update progress bar,0.0006101131439208984
188,Resize dataset,7.414817810058594e-05
188,Append arrays,0.11663293838500977
188,Update progress bar,0.0009248256683349609
189,Resize dataset,9.012222290039062e-05
189,Append arrays,0.1447618007659912
189,Update progress bar,0.0008196830749511719
190,Resize dataset,7.700920104980469e-05
190,Append arrays,0.10508918762207031
190,Update progress bar,0.0008394718170166016
191,Resize dataset,7.581710815429688e-05
191,Append arrays,0.13220620155334473
191,Update progress bar,0.0007405281066894531
192,Resize dataset,7.534027099609375e-05
192,Append arrays,0.1474294662475586
192,Update progress bar,0.0009021759033203125
193,Resize dataset,8.845329284667969e-05
193,Append arrays,0.1196436882019043
193,Update progress bar,0.0006918907165527344
194,Resize dataset,6.937980651855469e-05
194,Append arrays,0.09856104850769043
194,Update progress bar,0.0007350444793701172
195,Resize dataset,7.677078247070312e-05
195,Append arrays,0.10317301750183105
195,Update progress bar,0.0006940364837646484
196,Resize dataset,9.703636169433594e-05
196,Append arrays,0.11729192733764648
196,Update progress bar,0.0007932186126708984
197,Resize dataset,7.390975952148438e-05
197,Append arrays,0.11448144912719727
197,Update progress bar,0.0008218288421630859
198,Resize dataset,8.940696716308594e-05
198,Append arrays,0.11403226852416992
198,Update progress bar,0.0006427764892578125
199,Resize dataset,7.2479248046875e-05
199,Append arrays,0.10430550575256348
199,Update progress bar,0.0006422996520996094
200,Resize dataset,9.584426879882812e-05
200,Append arrays,0.11084866523742676
200,Update progress bar,0.0007584095001220703
201,Resize dataset,8.678436279296875e-05
201,Append arrays,0.10881781578063965
201,Update progress bar,0.0006699562072753906
202,Resize dataset,6.747245788574219e-05
202,Append arrays,0.1816239356994629
202,Update progress bar,0.0009520053863525391
203,Resize dataset,0.0010941028594970703
203,Append arrays,0.15829181671142578
203,Update progress bar,0.0008156299591064453
204,Resize dataset,7.62939453125e-05
204,Append arrays,0.13241291046142578
204,Update progress bar,0.0006923675537109375
205,Resize dataset,0.00021076202392578125
205,Append arrays,0.13315081596374512
205,Update progress bar,0.0018734931945800781
206,Resize dataset,0.00023436546325683594
206,Append arrays,0.17770171165466309
206,Update progress bar,0.0010521411895751953
207,Resize dataset,7.843971252441406e-05
207,Append arrays,0.13814473152160645
207,Update progress bar,0.0009534358978271484
208,Resize dataset,6.914138793945312e-05
208,Append arrays,0.12322044372558594
208,Update progress bar,0.0009064674377441406
209,Resize dataset,7.581710815429688e-05
209,Append arrays,0.1331462860107422
209,Update progress bar,0.0007114410400390625
210,Resize dataset,9.393692016601562e-05
210,Append arrays,0.09882259368896484
210,Update progress bar,0.000720977783203125
211,Resize dataset,7.414817810058594e-05
211,Append arrays,0.10319662094116211
211,Update progress bar,0.0006463527679443359
212,Resize dataset,7.772445678710938e-05
212,Append arrays,0.13953447341918945
212,Update progress bar,0.0007143020629882812
213,Resize dataset,7.581710815429688e-05
213,Append arrays,0.09634685516357422
213,Update progress bar,0.0006830692291259766
214,Resize dataset,8.273124694824219e-05
214,Append arrays,0.10296368598937988
214,Update progress bar,0.0007688999176025391
215,Resize dataset,0.0002620220184326172
215,Append arrays,0.20754718780517578
215,Update progress bar,0.001079559326171875
216,Resize dataset,7.796287536621094e-05
216,Append arrays,0.10836935043334961
216,Update progress bar,0.0010106563568115234
217,Resize dataset,0.00012421607971191406
217,Append arrays,0.13452982902526855
217,Update progress bar,0.0010652542114257812
218,Resize dataset,7.82012939453125e-05
218,Append arrays,0.13430452346801758
218,Update progress bar,0.0008308887481689453
219,Resize dataset,8.153915405273438e-05
219,Append arrays,0.14112424850463867
219,Update progress bar,0.0010716915130615234
220,Resize dataset,7.62939453125e-05
220,Append arrays,0.13585424423217773
220,Update progress bar,0.0008726119995117188
221,Resize dataset,7.510185241699219e-05
221,Append arrays,0.1493387222290039
221,Update progress bar,0.0007843971252441406
222,Resize dataset,7.700920104980469e-05
222,Append arrays,0.10023760795593262
222,Update progress bar,0.0007424354553222656
223,Resize dataset,9.655952453613281e-05
223,Append arrays,0.1158134937286377
223,Update progress bar,0.000644683837890625
224,Resize dataset,7.43865966796875e-05
224,Append arrays,0.13936686515808105
224,Update progress bar,0.0012996196746826172
225,Resize dataset,7.271766662597656e-05
225,Append arrays,0.12348246574401855
225,Update progress bar,0.00104522705078125
226,Resize dataset,8.630752563476562e-05
226,Append arrays,0.10179710388183594
226,Update progress bar,0.0006649494171142578
227,Resize dataset,8.988380432128906e-05
227,Append arrays,0.11652970314025879
227,Update progress bar,0.0006780624389648438
228,Resize dataset,8.130073547363281e-05
228,Append arrays,0.1580519676208496
228,Update progress bar,0.0007846355438232422
229,Resize dataset,7.963180541992188e-05
229,Append arrays,0.14531397819519043
229,Update progress bar,0.0008771419525146484
230,Resize dataset,7.891654968261719e-05
230,Append arrays,0.17560863494873047
230,Update progress bar,0.00099945068359375
231,Resize dataset,7.367134094238281e-05
231,Append arrays,0.15055441856384277
231,Update progress bar,0.0009183883666992188
232,Resize dataset,7.510185241699219e-05
232,Append arrays,0.15426921844482422
232,Update progress bar,0.0011036396026611328
233,Resize dataset,7.772445678710938e-05
233,Append arrays,0.1264176368713379
233,Update progress bar,0.0009016990661621094
234,Resize dataset,7.867813110351562e-05
234,Append arrays,0.135880708694458
234,Update progress bar,0.0008933544158935547
235,Resize dataset,0.000335693359375
235,Append arrays,0.11196160316467285
235,Update progress bar,0.0018029212951660156
236,Resize dataset,0.00013375282287597656
236,Append arrays,0.18111252784729004
236,Update progress bar,0.0006127357482910156
237,Resize dataset,7.43865966796875e-05
237,Append arrays,0.1469109058380127
237,Update progress bar,0.0011091232299804688
238,Resize dataset,7.581710815429688e-05
238,Append arrays,0.15972661972045898
238,Update progress bar,0.0011620521545410156
239,Resize dataset,7.152557373046875e-05
239,Append arrays,0.11048197746276855
239,Update progress bar,0.0008757114410400391
240,Resize dataset,8.034706115722656e-05
240,Append arrays,0.16002869606018066
240,Update progress bar,0.0006661415100097656
241,Resize dataset,7.534027099609375e-05
241,Append arrays,0.09775352478027344
241,Update progress bar,0.0007901191711425781
242,Resize dataset,7.224082946777344e-05
242,Append arrays,0.10885930061340332
242,Update progress bar,0.0006422996520996094
243,Resize dataset,8.058547973632812e-05
243,Append arrays,0.1323385238647461
243,Update progress bar,0.0010519027709960938
244,Resize dataset,7.319450378417969e-05
244,Append arrays,0.11385345458984375
244,Update progress bar,0.0006532669067382812
245,Resize dataset,8.821487426757812e-05
245,Append arrays,0.11633133888244629
245,Update progress bar,0.0008425712585449219
246,Resize dataset,7.987022399902344e-05
246,Append arrays,0.11186099052429199
246,Update progress bar,0.0006897449493408203
247,Resize dataset,7.724761962890625e-05
247,Append arrays,0.1339426040649414
247,Update progress bar,0.0018389225006103516
248,Resize dataset,0.00024890899658203125
248,Append arrays,0.2794044017791748
248,Update progress bar,0.0014042854309082031
249,Resize dataset,8.249282836914062e-05
249,Append arrays,0.15465116500854492
249,Update progress bar,0.0008833408355712891
250,Resize dataset,7.62939453125e-05
250,Append arrays,0.13178205490112305
250,Update progress bar,0.0009438991546630859
251,Resize dataset,7.510185241699219e-05
251,Append arrays,0.10125398635864258
251,Update progress bar,0.0007450580596923828
252,Resize dataset,8.082389831542969e-05
252,Append arrays,0.13310456275939941
252,Update progress bar,0.0006783008575439453
253,Resize dataset,7.510185241699219e-05
253,Append arrays,0.10567378997802734
253,Update progress bar,0.0006871223449707031
254,Resize dataset,7.033348083496094e-05
254,Append arrays,0.11535215377807617
254,Update progress bar,0.0006291866302490234
255,Resize dataset,8.058547973632812e-05
255,Append arrays,0.14317774772644043
255,Update progress bar,0.0007946491241455078
256,Resize dataset,7.486343383789062e-05
256,Append arrays,0.10780692100524902
256,Update progress bar,0.000972747802734375
257,Resize dataset,0.00012421607971191406
257,Append arrays,0.12984967231750488
257,Update progress bar,0.0006780624389648438
258,Resize dataset,8.487701416015625e-05
258,Append arrays,0.17846894264221191
258,Update progress bar,0.0010218620300292969
259,Resize dataset,7.581710815429688e-05
259,Append arrays,0.1108858585357666
259,Update progress bar,0.0006327629089355469
260,Resize dataset,8.916854858398438e-05
260,Append arrays,0.13858628273010254
260,Update progress bar,0.0010199546813964844
261,Resize dataset,7.796287536621094e-05
261,Append arrays,0.13830304145812988
261,Update progress bar,0.0007805824279785156
262,Resize dataset,7.295608520507812e-05
262,Append arrays,0.12759947776794434
262,Update progress bar,0.0009682178497314453
263,Resize dataset,7.987022399902344e-05
263,Append arrays,0.10297012329101562
263,Update progress bar,0.0006225109100341797
264,Resize dataset,7.152557373046875e-05
264,Append arrays,0.1455092430114746
264,Update progress bar,0.0010559558868408203
265,Resize dataset,7.486343383789062e-05
265,Append arrays,0.12294960021972656
265,Update progress bar,0.0007615089416503906
266,Resize dataset,7.343292236328125e-05
266,Append arrays,0.12385225296020508
266,Update progress bar,0.0006399154663085938
267,Resize dataset,6.985664367675781e-05
267,Append arrays,0.11423707008361816
267,Update progress bar,0.0006213188171386719
268,Resize dataset,7.772445678710938e-05
268,Append arrays,0.11812520027160645
268,Update progress bar,0.0006442070007324219
269,Resize dataset,7.367134094238281e-05
269,Append arrays,0.15352368354797363
269,Update progress bar,0.0012111663818359375
270,Resize dataset,7.462501525878906e-05
270,Append arrays,0.13229727745056152
270,Update progress bar,0.0006105899810791016
271,Resize dataset,7.319450378417969e-05
271,Append arrays,0.1115729808807373
271,Update progress bar,0.0008804798126220703
272,Resize dataset,7.43865966796875e-05
272,Append arrays,0.09631609916687012
272,Update progress bar,0.0006427764892578125
273,Resize dataset,7.82012939453125e-05
273,Append arrays,0.12073516845703125
273,Update progress bar,0.0006546974182128906
274,Resize dataset,7.510185241699219e-05
274,Append arrays,0.09993577003479004
274,Update progress bar,0.0006787776947021484
275,Resize dataset,0.00010585784912109375
275,Append arrays,0.11716842651367188
275,Update progress bar,0.0008051395416259766
276,Resize dataset,7.128715515136719e-05
276,Append arrays,0.20147943496704102
276,Update progress bar,0.0012731552124023438
277,Resize dataset,7.700920104980469e-05
277,Append arrays,0.09926605224609375
277,Update progress bar,0.0006854534149169922
278,Resize dataset,7.557868957519531e-05
278,Append arrays,0.11433863639831543
278,Update progress bar,0.0006692409515380859
279,Resize dataset,8.177757263183594e-05
279,Append arrays,0.12066888809204102
279,Update progress bar,0.0008375644683837891
280,Resize dataset,7.05718994140625e-05
280,Append arrays,0.1394360065460205
280,Update progress bar,0.0008502006530761719
281,Resize dataset,9.202957153320312e-05
281,Append arrays,0.14309406280517578
281,Update progress bar,0.0009679794311523438
282,Resize dataset,7.081031799316406e-05
282,Append arrays,0.11865401268005371
282,Update progress bar,0.0010848045349121094
283,Resize dataset,7.367134094238281e-05
283,Append arrays,0.16188979148864746
283,Update progress bar,0.0008037090301513672
284,Resize dataset,8.034706115722656e-05
284,Append arrays,0.12299704551696777
284,Update progress bar,0.0008094310760498047
285,Resize dataset,7.128715515136719e-05
285,Append arrays,0.09964227676391602
285,Update progress bar,0.0007557868957519531
286,Resize dataset,7.05718994140625e-05
286,Append arrays,0.12224030494689941
286,Update progress bar,0.0006792545318603516
287,Resize dataset,7.319450378417969e-05
287,Append arrays,0.13652634620666504
287,Update progress bar,0.0008854866027832031
288,Resize dataset,7.152557373046875e-05
288,Append arrays,0.21784257888793945
288,Update progress bar,0.0009212493896484375
289,Resize dataset,7.390975952148438e-05
289,Append arrays,0.11211872100830078
289,Update progress bar,0.000621795654296875
290,Resize dataset,7.510185241699219e-05
290,Append arrays,0.11436033248901367
290,Update progress bar,0.0006399154663085938
291,Resize dataset,7.843971252441406e-05
291,Append arrays,0.09996509552001953
291,Update progress bar,0.0008437633514404297
292,Resize dataset,7.700920104980469e-05
292,Append arrays,0.11076211929321289
292,Update progress bar,0.0007188320159912109
293,Resize dataset,7.700920104980469e-05
293,Append arrays,0.1062619686126709
293,Update progress bar,0.0008194446563720703
294,Resize dataset,7.724761962890625e-05
294,Append arrays,0.11168360710144043
294,Update progress bar,0.0007503032684326172
295,Resize dataset,7.200241088867188e-05
295,Append arrays,0.1224515438079834
295,Update progress bar,0.0008962154388427734
296,Resize dataset,8.654594421386719e-05
296,Append arrays,0.10358142852783203
296,Update progress bar,0.000614166259765625
297,Resize dataset,7.62939453125e-05
297,Append arrays,0.1055142879486084
297,Update progress bar,0.0007243156433105469
298,Resize dataset,8.606910705566406e-05
298,Append arrays,0.1095125675201416
298,Update progress bar,0.0008199214935302734
299,Resize dataset,8.606910705566406e-05
299,Append arrays,0.12699341773986816
299,Update progress bar,0.0006804466247558594
300,Resize dataset,9.632110595703125e-05
300,Append arrays,0.13786673545837402
300,Update progress bar,0.0006873607635498047
301,Resize dataset,7.295608520507812e-05
301,Append arrays,0.11258411407470703
301,Update progress bar,0.0008473396301269531
302,Resize dataset,8.368492126464844e-05
302,Append arrays,0.11939096450805664
302,Update progress bar,0.0006699562072753906
303,Resize dataset,8.416175842285156e-05
303,Append arrays,0.1352846622467041
303,Update progress bar,0.0010972023010253906
304,Resize dataset,7.390975952148438e-05
304,Append arrays,0.10320663452148438
304,Update progress bar,0.00069427490234375
305,Resize dataset,7.653236389160156e-05
305,Append arrays,0.11230611801147461
305,Update progress bar,0.0008118152618408203
306,Resize dataset,8.058547973632812e-05
306,Append arrays,0.1287088394165039
306,Update progress bar,0.0007035732269287109
307,Resize dataset,8.0108642578125e-05
307,Append arrays,0.11092209815979004
307,Update progress bar,0.0006778240203857422
308,Resize dataset,7.557868957519531e-05
308,Append arrays,0.11736083030700684
308,Update progress bar,0.0008106231689453125
309,Resize dataset,7.867813110351562e-05
309,Append arrays,0.1080784797668457
309,Update progress bar,0.00067901611328125
310,Resize dataset,7.271766662597656e-05
310,Append arrays,0.12348508834838867
310,Update progress bar,0.0008177757263183594
311,Resize dataset,7.176399230957031e-05
311,Append arrays,0.10056447982788086
311,Update progress bar,0.0009241104125976562
312,Resize dataset,0.00028634071350097656
312,Append arrays,0.1499795913696289
312,Update progress bar,0.0009024143218994141
313,Resize dataset,7.271766662597656e-05
313,Append arrays,0.10067582130432129
313,Update progress bar,0.0006372928619384766
314,Resize dataset,7.843971252441406e-05
314,Append arrays,0.13626432418823242
314,Update progress bar,0.0006859302520751953
315,Resize dataset,8.463859558105469e-05
315,Append arrays,0.12445306777954102
315,Update progress bar,0.0006716251373291016
316,Resize dataset,7.605552673339844e-05
316,Append arrays,0.11506509780883789
316,Update progress bar,0.0007274150848388672
317,Resize dataset,7.653236389160156e-05
317,Append arrays,0.1320798397064209
317,Update progress bar,0.00074005126953125
318,Resize dataset,7.128715515136719e-05
318,Append arrays,0.1071624755859375
318,Update progress bar,0.0007140636444091797
319,Resize dataset,7.510185241699219e-05
319,Append arrays,0.1028745174407959
319,Update progress bar,0.0007350444793701172
320,Resize dataset,7.62939453125e-05
320,Append arrays,0.15036273002624512
320,Update progress bar,0.0010836124420166016
321,Resize dataset,7.319450378417969e-05
321,Append arrays,0.11107301712036133
321,Update progress bar,0.0006816387176513672
322,Resize dataset,7.176399230957031e-05
322,Append arrays,0.10964322090148926
322,Update progress bar,0.0006246566772460938
323,Resize dataset,7.295608520507812e-05
323,Append arrays,0.10628008842468262
323,Update progress bar,0.0006568431854248047
324,Resize dataset,7.462501525878906e-05
324,Append arrays,0.149916410446167
324,Update progress bar,0.0007634162902832031
325,Resize dataset,7.343292236328125e-05
325,Append arrays,0.1786668300628662
325,Update progress bar,0.0009047985076904297
326,Resize dataset,7.653236389160156e-05
326,Append arrays,0.11148309707641602
326,Update progress bar,0.0007069110870361328
327,Resize dataset,7.152557373046875e-05
327,Append arrays,0.10771489143371582
327,Update progress bar,0.0006351470947265625
328,Resize dataset,7.033348083496094e-05
328,Append arrays,0.11201310157775879
328,Update progress bar,0.0007762908935546875
329,Resize dataset,7.295608520507812e-05
329,Append arrays,0.1163935661315918
329,Update progress bar,0.0006935596466064453
330,Resize dataset,0.00011301040649414062
330,Append arrays,0.1509532928466797
330,Update progress bar,0.0013735294342041016
331,Resize dataset,7.796287536621094e-05
331,Append arrays,0.11165857315063477
331,Update progress bar,0.0006589889526367188
332,Resize dataset,9.512901306152344e-05
332,Append arrays,0.14342379570007324
332,Update progress bar,0.0007679462432861328
333,Resize dataset,7.390975952148438e-05
333,Append arrays,0.1456453800201416
333,Update progress bar,0.0010886192321777344
334,Resize dataset,7.414817810058594e-05
334,Append arrays,0.11848783493041992
334,Update progress bar,0.0008614063262939453
335,Resize dataset,8.249282836914062e-05
335,Append arrays,0.1536087989807129
335,Update progress bar,0.0010173320770263672
336,Resize dataset,7.867813110351562e-05
336,Append arrays,0.14049720764160156
336,Update progress bar,0.0006864070892333984
337,Resize dataset,8.082389831542969e-05
337,Append arrays,0.1438436508178711
337,Update progress bar,0.0007491111755371094
338,Resize dataset,7.700920104980469e-05
338,Append arrays,0.11886167526245117
338,Update progress bar,0.0007083415985107422
339,Resize dataset,7.486343383789062e-05
339,Append arrays,0.143721342086792
339,Update progress bar,0.001007080078125
340,Resize dataset,9.417533874511719e-05
340,Append arrays,0.14293336868286133
340,Update progress bar,0.0006899833679199219
341,Resize dataset,8.7738037109375e-05
341,Append arrays,0.10135459899902344
341,Update progress bar,0.0006794929504394531
342,Resize dataset,8.511543273925781e-05
342,Append arrays,0.11397004127502441
342,Update progress bar,0.0006976127624511719
343,Resize dataset,7.2479248046875e-05
343,Append arrays,0.11439657211303711
343,Update progress bar,0.0006690025329589844
344,Resize dataset,7.390975952148438e-05
344,Append arrays,0.12496495246887207
344,Update progress bar,0.0006277561187744141
345,Resize dataset,8.940696716308594e-05
345,Append arrays,0.11043477058410645
345,Update progress bar,0.0009057521820068359
346,Resize dataset,7.319450378417969e-05
346,Append arrays,0.13237857818603516
346,Update progress bar,0.0008702278137207031
347,Resize dataset,7.581710815429688e-05
347,Append arrays,0.11305594444274902
347,Update progress bar,0.0006139278411865234
348,Resize dataset,7.462501525878906e-05
348,Append arrays,0.12799859046936035
348,Update progress bar,0.0009250640869140625
349,Resize dataset,7.319450378417969e-05
349,Append arrays,0.10865211486816406
349,Update progress bar,0.0006356239318847656
350,Resize dataset,8.726119995117188e-05
350,Append arrays,0.15376710891723633
350,Update progress bar,0.0008544921875
351,Resize dataset,7.319450378417969e-05
351,Append arrays,0.12787842750549316
351,Update progress bar,0.0009391307830810547
352,Resize dataset,8.034706115722656e-05
352,Append arrays,0.1376206874847412
352,Update progress bar,0.0007205009460449219
353,Resize dataset,8.0108642578125e-05
353,Append arrays,0.10349154472351074
353,Update progress bar,0.0006160736083984375
354,Resize dataset,7.152557373046875e-05
354,Append arrays,0.11042070388793945
354,Update progress bar,0.0006937980651855469
355,Resize dataset,7.462501525878906e-05
355,Append arrays,0.11099815368652344
355,Update progress bar,0.0008087158203125
356,Resize dataset,7.128715515136719e-05
356,Append arrays,0.11415243148803711
356,Update progress bar,0.0006492137908935547
357,Resize dataset,0.00014090538024902344
357,Append arrays,0.11499500274658203
357,Update progress bar,0.0006906986236572266
358,Resize dataset,8.273124694824219e-05
358,Append arrays,0.10902261734008789
358,Update progress bar,0.0006289482116699219
359,Resize dataset,8.7738037109375e-05
359,Append arrays,0.1452951431274414
359,Update progress bar,0.0008292198181152344
360,Resize dataset,7.796287536621094e-05
360,Append arrays,0.16988015174865723
360,Update progress bar,0.0014667510986328125
361,Resize dataset,7.367134094238281e-05
361,Append arrays,0.1387345790863037
361,Update progress bar,0.0009126663208007812
362,Resize dataset,9.1552734375e-05
362,Append arrays,0.1333789825439453
362,Update progress bar,0.0007300376892089844
363,Resize dataset,7.605552673339844e-05
363,Append arrays,0.14181947708129883
363,Update progress bar,0.0010423660278320312
364,Resize dataset,7.772445678710938e-05
364,Append arrays,0.10711240768432617
364,Update progress bar,0.0006394386291503906
365,Resize dataset,8.153915405273438e-05
365,Append arrays,0.1094810962677002
365,Update progress bar,0.0007998943328857422
366,Resize dataset,7.534027099609375e-05
366,Append arrays,0.11371588706970215
366,Update progress bar,0.0006506443023681641
367,Resize dataset,7.390975952148438e-05
367,Append arrays,0.1191861629486084
367,Update progress bar,0.0007307529449462891
368,Resize dataset,0.0001316070556640625
368,Append arrays,0.2940688133239746
368,Update progress bar,0.0008318424224853516
369,Resize dataset,8.511543273925781e-05
369,Append arrays,0.13764381408691406
369,Update progress bar,0.0007488727569580078
370,Resize dataset,7.677078247070312e-05
370,Append arrays,0.3487820625305176
370,Update progress bar,0.0008292198181152344
371,Resize dataset,8.0108642578125e-05
371,Append arrays,0.12849044799804688
371,Update progress bar,0.0012001991271972656
372,Resize dataset,8.678436279296875e-05
372,Append arrays,0.11391258239746094
372,Update progress bar,0.0007226467132568359
373,Resize dataset,8.249282836914062e-05
373,Append arrays,0.1707766056060791
373,Update progress bar,0.0006515979766845703
374,Resize dataset,7.867813110351562e-05
374,Append arrays,0.11016297340393066
374,Update progress bar,0.0008053779602050781
375,Resize dataset,7.891654968261719e-05
375,Append arrays,0.13448524475097656
375,Update progress bar,0.0007500648498535156
376,Resize dataset,7.128715515136719e-05
376,Append arrays,0.10830307006835938
376,Update progress bar,0.0008974075317382812
377,Resize dataset,7.43865966796875e-05
377,Append arrays,0.16459131240844727
377,Update progress bar,0.0009799003601074219
378,Resize dataset,0.00011301040649414062
378,Append arrays,0.0991520881652832
378,Update progress bar,0.0006439685821533203
379,Resize dataset,7.343292236328125e-05
379,Append arrays,0.13925552368164062
379,Update progress bar,0.0012652873992919922
380,Resize dataset,6.794929504394531e-05
380,Append arrays,0.11582803726196289
380,Update progress bar,0.0007145404815673828
381,Resize dataset,7.343292236328125e-05
381,Append arrays,0.14394307136535645
381,Update progress bar,0.0009591579437255859
382,Resize dataset,7.796287536621094e-05
382,Append arrays,0.14798283576965332
382,Update progress bar,0.0006458759307861328
383,Resize dataset,7.367134094238281e-05
383,Append arrays,0.1011960506439209
383,Update progress bar,0.0007984638214111328
384,Resize dataset,7.605552673339844e-05
384,Append arrays,0.13836431503295898
384,Update progress bar,0.0008220672607421875
385,Resize dataset,7.414817810058594e-05
385,Append arrays,0.10886621475219727
385,Update progress bar,0.0006418228149414062
386,Resize dataset,7.295608520507812e-05
386,Append arrays,0.11107659339904785
386,Update progress bar,0.0006918907165527344
387,Resize dataset,7.748603820800781e-05
387,Append arrays,0.1286454200744629
387,Update progress bar,0.0006639957427978516
388,Resize dataset,7.581710815429688e-05
388,Append arrays,0.11215996742248535
388,Update progress bar,0.0013208389282226562
389,Resize dataset,7.367134094238281e-05
389,Append arrays,0.10289120674133301
389,Update progress bar,0.0007021427154541016
390,Resize dataset,7.557868957519531e-05
390,Append arrays,0.1015005111694336
390,Update progress bar,0.0010597705841064453
391,Resize dataset,7.653236389160156e-05
391,Append arrays,0.12323498725891113
391,Update progress bar,0.0007948875427246094
392,Resize dataset,8.273124694824219e-05
392,Append arrays,0.14260101318359375
392,Update progress bar,0.00153350830078125
393,Resize dataset,7.104873657226562e-05
393,Append arrays,0.1056060791015625
393,Update progress bar,0.0006933212280273438
394,Resize dataset,8.20159912109375e-05
394,Append arrays,0.11408567428588867
394,Update progress bar,0.0006818771362304688
395,Resize dataset,7.319450378417969e-05
395,Append arrays,0.13650965690612793
395,Update progress bar,0.0006444454193115234
396,Resize dataset,8.463859558105469e-05
396,Append arrays,0.1418602466583252
396,Update progress bar,0.0010216236114501953
397,Resize dataset,8.177757263183594e-05
397,Append arrays,0.11115550994873047
397,Update progress bar,0.0008978843688964844
398,Resize dataset,7.724761962890625e-05
398,Append arrays,0.17577075958251953
398,Update progress bar,0.0012927055358886719
399,Resize dataset,7.605552673339844e-05
399,Append arrays,0.12229657173156738
399,Update progress bar,0.0006725788116455078
400,Resize dataset,7.414817810058594e-05
400,Append arrays,0.10241508483886719
400,Update progress bar,0.0007741451263427734
401,Resize dataset,7.987022399902344e-05
401,Append arrays,0.12215685844421387
401,Update progress bar,0.0008189678192138672
402,Resize dataset,7.939338684082031e-05
402,Append arrays,0.199937105178833
402,Update progress bar,0.0009989738464355469
403,Resize dataset,8.058547973632812e-05
403,Append arrays,0.14398908615112305
403,Update progress bar,0.0015294551849365234
404,Resize dataset,7.367134094238281e-05
404,Append arrays,0.13561034202575684
404,Update progress bar,0.001161336898803711
405,Resize dataset,7.367134094238281e-05
405,Append arrays,0.1107487678527832
405,Update progress bar,0.0007767677307128906
406,Resize dataset,7.557868957519531e-05
406,Append arrays,0.10757946968078613
406,Update progress bar,0.0006568431854248047
407,Resize dataset,8.344650268554688e-05
407,Append arrays,0.11045551300048828
407,Update progress bar,0.0008230209350585938
408,Resize dataset,6.866455078125e-05
408,Append arrays,0.11550664901733398
408,Update progress bar,0.0006761550903320312
409,Resize dataset,7.2479248046875e-05
409,Append arrays,0.1051018238067627
409,Update progress bar,0.0006628036499023438
410,Resize dataset,7.367134094238281e-05
410,Append arrays,0.09995889663696289
410,Update progress bar,0.0006256103515625
411,Resize dataset,0.0001220703125
411,Append arrays,0.15861296653747559
411,Update progress bar,0.0013012886047363281
412,Resize dataset,8.273124694824219e-05
412,Append arrays,0.1282961368560791
412,Update progress bar,0.0007741451263427734
413,Resize dataset,7.605552673339844e-05
413,Append arrays,0.09914731979370117
413,Update progress bar,0.0007703304290771484
414,Resize dataset,0.00012063980102539062
414,Append arrays,0.13618826866149902
414,Update progress bar,0.0009644031524658203
415,Resize dataset,7.200241088867188e-05
415,Append arrays,0.10867643356323242
415,Update progress bar,0.0006878376007080078
416,Resize dataset,7.462501525878906e-05
416,Append arrays,0.1191258430480957
416,Update progress bar,0.0008544921875
417,Resize dataset,7.581710815429688e-05
417,Append arrays,0.12464118003845215
417,Update progress bar,0.0008137226104736328
418,Resize dataset,8.225440979003906e-05
418,Append arrays,0.10157942771911621
418,Update progress bar,0.0006611347198486328
419,Resize dataset,9.584426879882812e-05
419,Append arrays,0.12313318252563477
419,Update progress bar,0.0013239383697509766
420,Resize dataset,7.843971252441406e-05
420,Append arrays,0.1095583438873291
420,Update progress bar,0.0006532669067382812
421,Resize dataset,6.985664367675781e-05
421,Append arrays,0.1640172004699707
421,Update progress bar,0.0011761188507080078
422,Resize dataset,7.367134094238281e-05
422,Append arrays,0.1367180347442627
422,Update progress bar,0.0009570121765136719
423,Resize dataset,7.62939453125e-05
423,Append arrays,0.15154457092285156
423,Update progress bar,0.0009524822235107422
424,Resize dataset,7.43865966796875e-05
424,Append arrays,0.14802122116088867
424,Update progress bar,0.0011050701141357422
425,Resize dataset,7.843971252441406e-05
425,Append arrays,0.11147785186767578
425,Update progress bar,0.0008101463317871094
426,Resize dataset,7.176399230957031e-05
426,Append arrays,0.10176324844360352
426,Update progress bar,0.0007789134979248047
427,Resize dataset,8.559226989746094e-05
427,Append arrays,0.1335160732269287
427,Update progress bar,0.0011031627655029297
428,Resize dataset,6.461143493652344e-05
428,Append arrays,0.10702300071716309
428,Update progress bar,0.0008509159088134766
429,Resize dataset,8.225440979003906e-05
429,Append arrays,0.11123251914978027
429,Update progress bar,0.0008559226989746094
430,Resize dataset,7.224082946777344e-05
430,Append arrays,0.11365413665771484
430,Update progress bar,0.0008862018585205078
431,Resize dataset,8.058547973632812e-05
431,Append arrays,0.12174844741821289
431,Update progress bar,0.0008223056793212891
432,Resize dataset,7.43865966796875e-05
432,Append arrays,0.11040568351745605
432,Update progress bar,0.0008060932159423828
433,Resize dataset,6.890296936035156e-05
433,Append arrays,0.14598703384399414
433,Update progress bar,0.0011327266693115234
434,Resize dataset,7.987022399902344e-05
434,Append arrays,0.17418336868286133
434,Update progress bar,0.0009546279907226562
435,Resize dataset,9.298324584960938e-05
435,Append arrays,0.12173080444335938
435,Update progress bar,0.0008957386016845703
436,Resize dataset,6.937980651855469e-05
436,Append arrays,0.13270139694213867
436,Update progress bar,0.0009915828704833984
437,Resize dataset,8.821487426757812e-05
437,Append arrays,0.08310246467590332
437,Update progress bar,0.0008876323699951172
438,Resize dataset,7.462501525878906e-05
438,Append arrays,0.1026008129119873
438,Update progress bar,0.0007104873657226562
439,Resize dataset,7.796287536621094e-05
439,Append arrays,0.13041257858276367
439,Update progress bar,0.002108335494995117
440,Resize dataset,7.343292236328125e-05
440,Append arrays,0.17635178565979004
440,Update progress bar,0.0014328956604003906
441,Resize dataset,9.846687316894531e-05
441,Append arrays,0.11107563972473145
441,Update progress bar,0.0007922649383544922
442,Resize dataset,8.368492126464844e-05
442,Append arrays,0.1335921287536621
442,Update progress bar,0.0009944438934326172
443,Resize dataset,7.796287536621094e-05
443,Append arrays,0.08786749839782715
443,Update progress bar,0.0006406307220458984
444,Resize dataset,0.0001347064971923828
444,Append arrays,0.1718142032623291
444,Update progress bar,0.001344442367553711
445,Resize dataset,7.295608520507812e-05
445,Append arrays,0.1611776351928711
445,Update progress bar,0.0006721019744873047
446,Resize dataset,9.846687316894531e-05
446,Append arrays,0.18972992897033691
446,Update progress bar,0.0009086132049560547
447,Resize dataset,7.128715515136719e-05
447,Append arrays,0.013784408569335938
447,Update progress bar,0.0008177757263183594
448,Resize dataset,8.368492126464844e-05
448,Append arrays,0.15178847312927246
448,Update progress bar,0.0010335445404052734
449,Resize dataset,9.679794311523438e-05
449,Append arrays,0.12508153915405273
449,Update progress bar,0.0008184909820556641
450,Resize dataset,7.343292236328125e-05
450,Append arrays,0.22398853302001953
450,Update progress bar,0.0010559558868408203
451,Resize dataset,0.00010037422180175781
451,Append arrays,0.11028790473937988
451,Update progress bar,0.0007529258728027344
452,Resize dataset,7.724761962890625e-05
452,Append arrays,0.1379868984222412
452,Update progress bar,0.0010268688201904297
453,Resize dataset,7.963180541992188e-05
453,Append arrays,0.09656453132629395
453,Update progress bar,0.0006847381591796875
454,Resize dataset,0.0001304149627685547
454,Append arrays,0.1498866081237793
454,Update progress bar,0.0006470680236816406
455,Resize dataset,8.916854858398438e-05
455,Append arrays,0.1638047695159912
455,Update progress bar,0.0008740425109863281
456,Resize dataset,9.393692016601562e-05
456,Append arrays,0.11436271667480469
456,Update progress bar,0.0007724761962890625
457,Resize dataset,0.0001289844512939453
457,Append arrays,0.01841425895690918
457,Update progress bar,0.0010759830474853516
